﻿filename,true_class
./example_set/American_Badger_CA.jpg,American_Badger
./example_set/American_Black_Bear_CA.JPG,American_Black_Bear
./example_set/American_Crow_GA.JPG,American_Crow
./example_set/Bighorn_Sheep_CO.jpg,Bighorn_Sheep
./example_set/Black-Tailed_Jackrabbit_CA.JPG,Black-Tailed_Jackrabbit
./example_set/Bobcat_CA.jpg,Bobcat
./example_set/Canada_Lynx_MP.jpg,Canada_Lynx
./example_set/Common_Raccoon_FL.JPG,Common_Raccoon
./example_set/Cottontail_Rabbit_CA.JPG,Cottontail_Rabbit
./example_set/Coyote_FL.jpg,Coyote
./example_set/Domestic_Cow_CA.JPG,Domestic_Cow
./example_set/Gray_Fox_CA.jpg,Gray_Fox
./example_set/Jaguar_WCS.jpg,Jaguar
./example_set/Margay_WCS.jpg,Margay
./example_set/Moose_CO.jpg,Moose
./example_set/Mountain_Lion_CA.JPG,Mountain_Lion
./example_set/Mule_Deer_CA.jpg,Mule_Deer
./example_set/North_American_Porcupine_CO.jpg,North_American_Porcupine
./example_set/Prairie_Dog_CO.jpg,Prairie_Dog
./example_set/Pronghorn_CO.jpg,Pronghorn
./example_set/Red_Fox_CO.jpg,Red_Fox
./example_set/River_Otter_FL.JPG,River_Otter
./example_set/Rocky_Mountain_Elk_CO.jpg,Rocky_Mountain_Elk
./example_set/Squirrel_CA.jpg,Squirrel
./example_set/Striped_Skunk_CA.jpg,Striped_Skunk
./example_set/Turkey_CA.JPG,Turkey
./example_set/Virginia_Opossum_FL.JPG,Virginia_Opossum
./example_set/White-Tailed_Deer_FL.JPG,White-Tailed_Deer
./example_set/Wild_Pig_CA-02.JPG,Wild_Pig
./example_set/WOLF_WI.jpg,Wolf
