filename,prediction,confidence,XMin,XMax,YMin,YMax
./example_set/American_Badger_CA.jpg,American_Badger,0.991847157,0.682782715,0.885803073,0.260120752,0.433714677
./example_set/American_Black_Bear_CA.JPG,American_Black_Bear,0.969525158,0.148136999,0.655799716,0.436033268,0.867191476
./example_set/American_Crow_GA.JPG,American_Crow,0.993066311,0.478182437,0.588201859,0.350949266,0.530828271
./example_set/Bighorn_Sheep_CO.jpg,Bighorn_Sheep,0.933256626,0.316365747,0.521801369,0.40554745,0.680038055
./example_set/Black-Tailed_Jackrabbit_CA.JPG,Jackrabbit,0.996038795,0.671294044,0.798632977,0.335695944,0.568365091
./example_set/Bobcat_CA.jpg,Bobcat,0.960532308,0.272670503,0.632443896,0.272112371,0.539586021
./example_set/Canada_Lynx_MP.jpg,Canada_Lynx,0.975020587,0.694785997,0.860270706,0.36521673,0.542357255
./example_set/Common_Raccoon_FL.JPG,Common_Raccoon,0.890588224,0.185459361,0.519228356,0.043253051,0.278861925
./example_set/Cottontail_Rabbit_CA.JPG,Cottontail_Rabbit,0.962966025,0.838602328,0.943090775,0.164298092,0.321011024
./example_set/Coyote_FL.jpg,Coyote,0.992149472,0.246003637,0.744133818,0.207419181,0.542629379
./example_set/Domestic_Cow_CA.JPG,Domestic_Cow,0.963369131,0.427009657,0.961912417,0.370136075,0.899148649
./example_set/Gray_Fox_CA.jpg,Gray_Fox,0.997309089,0.162757182,0.575336531,0.104593482,0.381094619
./example_set/Jaguar_WCS.jpg,Jaguar,0.993021667,0.363539714,0.903700286,0.18197269,0.801346099
./example_set/Margay_WCS.jpg,Margay,0.741840839,0.690914603,0.978539635,0.344290519,0.593223671
./example_set/Moose_CO.jpg,Moose,0.973764241,0.295593598,0.847592672,0.222561317,1
./example_set/Mountain_Lion_CA.JPG,Mountain_Lion,0.991194606,0.418221081,0.932840908,0.346136932,0.657046961
./example_set/Mule_Deer_CA.jpg,Coyote,0.603374541,0.538209953,0.890964658,0.28037001,0.64992389
./example_set/Mule_Deer_CA.jpg,Mule_Deer,0.84171474,0.527155633,0.905409046,0.274947325,0.65854856
./example_set/North_American_Porcupine_CO.jpg,North_American_Porcupine,0.9305529,0.182387427,0.414857416,0.205200195,0.517919683
./example_set/Prairie_Dog_CO.jpg,Prairie_Dog,0.855776668,0.489248051,0.568010704,0.142045409,0.248815182
./example_set/Pronghorn_CO.jpg,Pronghorn,0.992336571,0.318607817,0.570155798,0.196575351,0.563355238
./example_set/Red_Fox_CO.jpg,Coyote,0.752093434,0.175779904,0.446235358,0.414313003,0.625757323
./example_set/River_Otter_FL.JPG,River_Otter,0.947845399,0.09152764,0.785501069,0.033987238,0.347214093
./example_set/Rocky_Mountain_Elk_CO.jpg,Rocky_Mountain_Elk,0.863348722,0.170401704,1,0.222416632,0.986846122
./example_set/Squirrel_CA.jpg,squirrel_spp,0.704454601,0.364738203,0.59823844,0.334227124,0.439790707
./example_set/Striped_Skunk_CA.jpg,Striped_Skunk,0.991950989,0.470822989,0.730596804,0.289077759,0.473289167
./example_set/Turkey_CA.JPG,Wild_Turkey,0.998378158,0.246155758,0.631445417,0.193727524,0.534354493
./example_set/Virginia_Opossum_FL.JPG,Virginia_Opossum,0.986432374,0.223252502,0.537351571,0.098894647,0.277911854
./example_set/White-Tailed_Deer_FL.JPG,White-Tailed_Deer,0.892340958,0.53367065,0.705211864,0.387346995,0.60395562
./example_set/Wild_Pig_CA-02.JPG,Wild_Pig,0.91619128,0.105978536,0.920442843,0.197463244,0.867131199
./example_set/WOLF_WI.jpg,Wolf,0.931505263,0.212730015,0.576421401,0.016476411,0.498935265
