filename,prediction,confidence_in_pred,count,certainty,ImageName,ImageWidth,ImageHeight,TimeStamp,MakeModel,SerialNumber,EventNumber,SeqNumber,TempF,TempC,Notes,Trigger
./example_set/American_Badger_CA.jpg,American_Badger,0.991847157,1,single_prediction,American_Badger_CA.jpg,2048,1536,2015:07:15 20:49:02,RECONYX_HC550 HYPERFIRE,H550HH12223386,20,H550HH12223386_SEQ20,67,19,HC550 HYPERFIRE,M
./example_set/American_Black_Bear_CA.JPG,American_Black_Bear,0.969525158,1,single_prediction,American_Black_Bear_CA.JPG,2048,1536,2016:07:12 07:30:56,RECONYX_HC550 HYPERFIRE,H550HH12223707,31,H550HH12223707_SEQ31,59,15,HC550 HYPERFIRE,M
./example_set/American_Crow_GA.JPG,American_Crow,0.993066311,1,single_prediction,American_Crow_GA.JPG,2048,1536,2016:12:14 12:28:17,RECONYX_PC850 PROFESSIONAL,P850HI04231149,13,P850HI04231149_SEQ13,52,11,PC850 PROFESSIONAL,M
./example_set/Bighorn_Sheep_CO.jpg,Bighorn_Sheep,0.933256626,1,single_prediction,Bighorn_Sheep_CO.jpg,2048,1536,2013:06:30 19:16:23,RECONYX_PC800 PROFESSIONAL,P800FF04152356,4,P800FF04152356_SEQ4,61,16,PC800 PROFESSIONAL,M
./example_set/Black-Tailed_Jackrabbit_CA.JPG,Jackrabbit,0.996038795,1,single_prediction,Black-Tailed_Jackrabbit_CA.JPG,2048,1536,2016:05:28 21:27:50,RECONYX_HC550 HYPERFIRE,H550HH12223672,213,H550HH12223672_SEQ213,59,15,HC550 HYPERFIRE,M
./example_set/Bobcat_CA.jpg,Bobcat,0.960532308,1,single_prediction,Bobcat_CA.jpg,2048,1536,2015:05:15 03:37:47,RECONYX_HC550 HYPERFIRE,H550HH12223397,102,H550HH12223397_SEQ102,40,4,HC550 HYPERFIRE,M
./example_set/Canada_Lynx_MP.jpg,Canada_Lynx,0.975020587,1,single_prediction,Canada_Lynx_MP.jpg,2048,1536,2014:01:19 11:02:01,NA,P800BD05003127,11,P800BD05003127_SEQ11,18,-8,LP021,M
./example_set/Common_Raccoon_FL.JPG,Common_Raccoon,0.890588224,1,single_prediction,Common_Raccoon_FL.JPG,2048,1536,2019:02:14 03:09:05,RECONYX_PC850 PROFESSIONAL,P850HJ07256639,279,P850HJ07256639_SEQ279,48,9,R01             ,M
./example_set/Cottontail_Rabbit_CA.JPG,Cottontail_Rabbit,0.962966025,1,single_prediction,Cottontail_Rabbit_CA.JPG,2048,1536,2016:04:25 09:32:40,RECONYX_HC550 HYPERFIRE,H550HH12223707,28,H550HH12223707_SEQ28,31,-1,HC550 HYPERFIRE,M
./example_set/Coyote_FL.jpg,Coyote,0.992149472,1,single_prediction,Coyote_FL.jpg,2048,1536,2015:06:04 11:06:00,RECONYX_HC550 HYPERFIRE,H550HH12223859,48,H550HH12223859_SEQ48,86,30,R08             ,M
./example_set/Domestic_Cow_CA.JPG,Domestic_Cow,0.963369131,1,single_prediction,Domestic_Cow_CA.JPG,2048,1536,2016:05:29 08:23:52,RECONYX_HC550 HYPERFIRE,H550HH12223868,177,H550HH12223868_SEQ177,62,17,HC550 HYPERFIRE,M
./example_set/Gray_Fox_CA.jpg,Gray_Fox,0.997309089,1,single_prediction,Gray_Fox_CA.jpg,2048,1536,2015:04:19 21:38:06,RECONYX_HC550 HYPERFIRE,H550HH12223397,187,H550HH12223397_SEQ187,55,13,HC550 HYPERFIRE,M
./example_set/Jaguar_WCS.jpg,Jaguar,0.993021667,1,single_prediction,Jaguar_WCS.jpg,2048,1536,2012:09:13 19:14:53,NA,H500BD05002028,4,H500BD05002028_SEQ4,79,26,351,M
./example_set/Margay_WCS.jpg,Margay,0.741840839,1,single_prediction,Margay_WCS.jpg,2048,1536,2012:09:14 06:13:15,NA,H500BD03000004,2,H500BD03000004_SEQ2,72,22,377,M
./example_set/Moose_CO.jpg,Moose,0.973764241,1,single_prediction,Moose_CO.jpg,2048,1536,2013:08:07 03:38:18,NA,P800BD05003089,604,P800BD05003089_SEQ604,45,7,LP065,M
./example_set/Mountain_Lion_CA.JPG,Mountain_Lion,0.991194606,1,single_prediction,Mountain_Lion_CA.JPG,2048,1536,2016:06:06 04:15:35,RECONYX_HC550 HYPERFIRE,H550HH12223868,317,H550HH12223868_SEQ317,66,19,HC550 HYPERFIRE,M
./example_set/Mule_Deer_CA.jpg,Coyote,0.603374541,1,single_prediction,Mule_Deer_CA.jpg,2048,1536,2015:06:06 22:11:41,RECONYX_HC550 HYPERFIRE,H550HH12223707,30,H550HH12223707_SEQ30,59,15,HC550 HYPERFIRE,M
./example_set/Mule_Deer_CA.jpg,Coyote,0.603374541,1,single_prediction,Mule_Deer_CA.jpg,2048,1536,2015:06:06 22:11:41,RECONYX_HC550 HYPERFIRE,H550HH12223707,30,H550HH12223707_SEQ30,59,15,HC550 HYPERFIRE,M
./example_set/Mule_Deer_CA.jpg,Mule_Deer,0.84171474,1,single_prediction,Mule_Deer_CA.jpg,2048,1536,2015:06:06 22:11:41,RECONYX_HC550 HYPERFIRE,H550HH12223707,30,H550HH12223707_SEQ30,59,15,HC550 HYPERFIRE,M
./example_set/Mule_Deer_CA.jpg,Mule_Deer,0.84171474,1,single_prediction,Mule_Deer_CA.jpg,2048,1536,2015:06:06 22:11:41,RECONYX_HC550 HYPERFIRE,H550HH12223707,30,H550HH12223707_SEQ30,59,15,HC550 HYPERFIRE,M
./example_set/North_American_Porcupine_CO.jpg,North_American_Porcupine,0.9305529,1,single_prediction,North_American_Porcupine_CO.jpg,2048,1536,2013:09:13 23:51:29,NA,P800BD05003053,770,P800BD05003053_SEQ770,43,6,SF014,M
./example_set/Prairie_Dog_CO.jpg,Prairie_Dog,0.855776668,1,single_prediction,Prairie_Dog_CO.jpg,2048,1536,2013:09:30 18:23:23,RECONYX_PC800 PROFESSIONAL,P800HG06183772,180,P800HG06183772_SEQ180,81,27,PC800 PROFESSIONAL,M
./example_set/Pronghorn_CO.jpg,Pronghorn,0.992336571,1,single_prediction,Pronghorn_CO.jpg,2048,1536,2014:04:02 18:53:28,RECONYX_PC800 PROFESSIONAL,P800HG04178829,652,P800HG04178829_SEQ652,40,4,PC800 PROFESSIONAL,M
./example_set/Red_Fox_CO.jpg,Coyote,0.752093434,1,single_prediction,Red_Fox_CO.jpg,2048,1536,2013:07:10 15:01:39,NA,P800BD06004779,155,P800BD06004779_SEQ155,75,24,SF019,M
./example_set/River_Otter_FL.JPG,River_Otter,0.947845399,1,single_prediction,River_Otter_FL.JPG,2048,1536,2016:10:22 08:55:14,RECONYX_HC550 HYPERFIRE,H550HH12223384,25,H550HH12223384_SEQ25,75,24,R23             ,M
./example_set/Rocky_Mountain_Elk_CO.jpg,Rocky_Mountain_Elk,0.863348722,1,single_prediction,Rocky_Mountain_Elk_CO.jpg,2048,1536,2013:07:15 13:36:05,NA,P800BD06004690,58,P800BD06004690_SEQ58,72,22,LP057,M
./example_set/Squirrel_CA.jpg,squirrel_spp,0.704454601,1,single_prediction,Squirrel_CA.jpg,2048,1536,2015:04:19 07:11:43,RECONYX_HC550 HYPERFIRE,H550HH12223868,272,H550HH12223868_SEQ272,57,14,HC550 HYPERFIRE,M
./example_set/Striped_Skunk_CA.jpg,Striped_Skunk,0.991950989,1,single_prediction,Striped_Skunk_CA.jpg,2048,1536,2015:03:19 22:09:06,RECONYX_HC550 HYPERFIRE,H550HH12223655,47,H550HH12223655_SEQ47,52,11,HC550 HYPERFIRE,M
./example_set/Turkey_CA.JPG,Wild_Turkey,0.998378158,1,single_prediction,Turkey_CA.JPG,2048,1536,2016:11:22 11:36:34,RECONYX_HC550 HYPERFIRE,H550HH12223686,72,H550HH12223686_SEQ72,44,6,HC550 HYPERFIRE,M
./example_set/Virginia_Opossum_FL.JPG,Virginia_Opossum,0.986432374,1,single_prediction,Virginia_Opossum_FL.JPG,2048,1536,2018:04:10 20:24:19,RECONYX_HC550 HYPERFIRE,H550HH12223670,317,H550HH12223670_SEQ317,66,19,R10             ,M
./example_set/White-Tailed_Deer_FL.JPG,White-Tailed_Deer,0.892340958,1,single_prediction,White-Tailed_Deer_FL.JPG,2048,1536,2016:06:03 12:31:52,RECONYX_HC550 HYPERFIRE,H550HH12223687,2,H550HH12223687_SEQ2,98,36,R02             ,M
./example_set/Wild_Pig_CA-02.JPG,Wild_Pig,0.91619128,1,single_prediction,Wild_Pig_CA-02.JPG,2048,1536,2016:06:27 22:08:58,RECONYX_HC550 HYPERFIRE,H550HH12223655,128,H550HH12223655_SEQ128,74,23,HC550 HYPERFIRE,M
./example_set/WOLF_WI.jpg,Wolf,0.931505263,1,single_prediction,WOLF_WI.jpg,1600,1200,2016:08:29 01:56:11,"160308416, Temp(62), picture type(1), and picture # sequence (2/3)_",NA,NA,NA,NA,NA,NA,NA
